checked_date,url,discovered_from,http_status,final_url,page_title,next_404_marker,check_scope
2026-09-25,https://www.16bitweather.co,sitemap,200,https://www.16bitweather.co,"Live Weather, Radar & Space Weather | 16 Bit Weather",false,HTTP/HTML availability only; see report for UI coverage
2026-09-25,https://www.16bitweather.co/,additional fixed route,200,https://www.16bitweather.co/,"Live Weather, Radar & Space Weather | 16 Bit Weather",false,HTTP/HTML availability only; see report for UI coverage
2026-09-25,https://www.16bitweather.co/about,sitemap,200,https://www.16bitweather.co/about,About | 16 Bit Weather,false,HTTP/HTML availability only; see report for UI coverage
2026-09-25,https://www.16bitweather.co/alerts,sitemap,200,https://www.16bitweather.co/alerts,Bitwatch — Free NWS warning email and browser alerts | 16 Bit Weather | 16 Bit Weather,false,HTTP/HTML availability only; see report for UI coverage
2026-09-25,https://www.16bitweather.co/alerts/manage,additional fixed route,200,https://www.16bitweather.co/alerts/manage,Manage alert pin | 16 Bit Weather,false,HTTP/HTML availability only; see report for UI coverage
2026-09-25,https://www.16bitweather.co/alerts/verify,additional fixed route,200,https://www.16bitweather.co/alerts/verify,Verify alert email | 16 Bit Weather,false,HTTP/HTML availability only; see report for UI coverage
2026-09-25,https://www.16bitweather.co/auth,additional fixed route,200,https://www.16bitweather.co/auth,Sign In | 16 Bit Weather,false,HTTP/HTML availability only; see report for UI coverage
2026-09-25,https://www.16bitweather.co/auth/login,additional fixed route,200,https://www.16bitweather.co/auth,Sign In | 16 Bit Weather,false,HTTP/HTML availability only; see report for UI coverage
2026-09-25,https://www.16bitweather.co/auth/reset-password,additional fixed route,200,https://www.16bitweather.co/auth/reset-password,"Live Weather, Radar & Space Weather | 16 Bit Weather",false,HTTP/HTML availability only; see report for UI coverage
2026-09-25,https://www.16bitweather.co/auth/result,additional fixed route,200,https://www.16bitweather.co/auth/result,"Live Weather, Radar & Space Weather | 16 Bit Weather",false,HTTP/HTML availability only; see report for UI coverage
2026-09-25,https://www.16bitweather.co/auth/signup,additional fixed route,200,https://www.16bitweather.co/auth?mode=signup,Sign In | 16 Bit Weather,false,HTTP/HTML availability only; see report for UI coverage
2026-09-25,https://www.16bitweather.co/auth/update-password,additional fixed route,200,https://www.16bitweather.co/auth/update-password,"Live Weather, Radar & Space Weather | 16 Bit Weather",false,HTTP/HTML availability only; see report for UI coverage
2026-09-25,https://www.16bitweather.co/aviation,sitemap,200,https://www.16bitweather.co/aviation,Live Flight Tracker & Aviation Weather | 16 Bit Weather,false,HTTP/HTML availability only; see report for UI coverage
2026-09-25,https://www.16bitweather.co/blog,sitemap,200,https://www.16bitweather.co/blog,Weather Blog | 16 Bit Weather,false,HTTP/HTML availability only; see report for UI coverage
2026-09-25,https://www.16bitweather.co/blog/2026-03-29-spring-storms-solar-flares-late-freeze,sitemap,200,https://www.16bitweather.co/blog/2026-03-29-spring-storms-solar-flares-late-freeze,"Spring Storms, Solar Flares, and a Late-Season Freeze",false,HTTP/HTML availability only; see report for UI coverage
2026-09-25,https://www.16bitweather.co/blog/2026-04-05-shaking-earth-quiet-sun-pacific-tremors,sitemap,200,https://www.16bitweather.co/blog/2026-04-05-shaking-earth-quiet-sun-pacific-tremors,"Shaking Earth, Quiet Sun: Pacific Tremors Dominate",false,HTTP/HTML availability only; see report for UI coverage
2026-09-25,https://www.16bitweather.co/blog/2026-04-10-solar-cycle-25-spring-break-aurora-hunters-wait,sitemap,200,https://www.16bitweather.co/blog/2026-04-10-solar-cycle-25-spring-break-aurora-hunters-wait,Solar Cycle 25 Takes a Spring Break,false,HTTP/HTML availability only; see report for UI coverage
2026-09-25,https://www.16bitweather.co/blog/2026-04-12-super-el-nino-severe-weather-week,sitemap,200,https://www.16bitweather.co/blog/2026-04-12-super-el-nino-severe-weather-week,Super El Nino Looms as Severe Weather Erupts Across the US,false,HTTP/HTML availability only; see report for UI coverage
2026-09-25,https://www.16bitweather.co/blog/2026-04-15-supercells-natures-ultimate-weather-machine,sitemap,200,https://www.16bitweather.co/blog/2026-04-15-supercells-natures-ultimate-weather-machine,Supercells: Nature's Ultimate Weather Machine,false,HTTP/HTML availability only; see report for UI coverage
2026-09-25,https://www.16bitweather.co/blog/2026-04-19-this-week-in-weather-lyrids-severe-pattern-earth-day,sitemap,200,https://www.16bitweather.co/blog/2026-04-19-this-week-in-weather-lyrids-severe-pattern-earth-day,"This Week in Weather — April 19, 2026: Lyrids and Severe",false,HTTP/HTML availability only; see report for UI coverage
2026-09-25,https://www.16bitweather.co/blog/2026-04-25-solar-cycle-25-ramping-up-c-class-flares-weekend-plans,sitemap,200,https://www.16bitweather.co/blog/2026-04-25-solar-cycle-25-ramping-up-c-class-flares-weekend-plans,Solar Cycle 25 Ramps Up: What C-Class Flares Mean,false,HTTP/HTML availability only; see report for UI coverage
2026-09-25,https://www.16bitweather.co/blog/atmosphere-layers-on-january-5-2019-a-sudden-stratospheric-warming-event-pus,sitemap,200,https://www.16bitweather.co/blog/atmosphere-layers-on-january-5-2019-a-sudden-stratospheric-warming-event-pus,Atmospheric Structure: Sudden Stratospheric Warming,false,HTTP/HTML availability only; see report for UI coverage
2026-09-25,https://www.16bitweather.co/blog/aviation-2026-07-17,sitemap,200,https://www.16bitweather.co/blog/aviation-2026-07-17,Aviation Weather: Volcanic Ash Sigmets Over the Aleutians,false,HTTP/HTML availability only; see report for UI coverage
2026-09-25,https://www.16bitweather.co/blog/biometeorology-2026-09-16,sitemap,200,https://www.16bitweather.co/blog/biometeorology-2026-09-16,"Biometeorology: Heat, Pollen, and Health in Harris County",false,HTTP/HTML availability only; see report for UI coverage
2026-09-25,https://www.16bitweather.co/blog/biometeorology-on-april-27-2012-a-thunderstorm-rolled-through-melbourne-s,sitemap,200,https://www.16bitweather.co/blog/biometeorology-on-april-27-2012-a-thunderstorm-rolled-through-melbourne-s,Biometeorology: Thunderstorm Asthma and Phenology,false,HTTP/HTML availability only; see report for UI coverage
2026-09-25,https://www.16bitweather.co/blog/cryosphere-2026-07-29,sitemap,200,https://www.16bitweather.co/blog/cryosphere-2026-07-29,Arctic Sea Ice Loss and the Albedo Feedback Loop,false,HTTP/HTML availability only; see report for UI coverage
2026-09-25,https://www.16bitweather.co/blog/cryosphere-in-the-summer-of-2012-arctic-sea-ice-extent-dropped-to-3-41,sitemap,200,https://www.16bitweather.co/blog/cryosphere-in-the-summer-of-2012-arctic-sea-ice-extent-dropped-to-3-41,"The Cryosphere: Ice, Permafrost and Arctic Amplification",false,HTTP/HTML availability only; see report for UI coverage
2026-09-25,https://www.16bitweather.co/blog/earthquakes-a-magnitude-7-2-earthquake-struck-23-kilometers-southeast-of,sitemap,200,https://www.16bitweather.co/blog/earthquakes-a-magnitude-7-2-earthquake-struck-23-kilometers-southeast-of,Earthquakes: How ShakeMap and PAGER Rate a Rupture,false,HTTP/HTML availability only; see report for UI coverage
2026-09-25,https://www.16bitweather.co/blog/historical-events-2026-08-05,sitemap,200,https://www.16bitweather.co/blog/historical-events-2026-08-05,Historical Weather: Tambora and the Year Without a Summer,false,HTTP/HTML availability only; see report for UI coverage
2026-09-25,https://www.16bitweather.co/blog/marine-on-february-11-1995-the-queen-elizabeth-2-encountered-a,sitemap,200,https://www.16bitweather.co/blog/marine-on-february-11-1995-the-queen-elizabeth-2-encountered-a,Marine Weather: Rogue Waves and the Limits of Models,false,HTTP/HTML availability only; see report for UI coverage
2026-09-25,https://www.16bitweather.co/blog/ocean-currents-2026-08-19,sitemap,200,https://www.16bitweather.co/blog/ocean-currents-2026-08-19,Ocean Currents and Heat Transport: Bergen vs Anchorage,false,HTTP/HTML availability only; see report for UI coverage
2026-09-25,https://www.16bitweather.co/blog/ocean-currents-bergen-norway-sits-at-60-4-n-roughly-the-same-latitude-a,sitemap,200,https://www.16bitweather.co/blog/ocean-currents-bergen-norway-sits-at-60-4-n-roughly-the-same-latitude-a,Ocean Heat Transport: Why Bergen Beats Anchorage,false,HTTP/HTML availability only; see report for UI coverage
2026-09-25,https://www.16bitweather.co/blog/paleoclimate-2026-08-26,sitemap,200,https://www.16bitweather.co/blog/paleoclimate-2026-08-26,Paleoclimate: What the Vostok Ice Cores Recorded,false,HTTP/HTML availability only; see report for UI coverage
2026-09-25,https://www.16bitweather.co/blog/rss.xml,discovered internal link,200,https://www.16bitweather.co/blog/rss.xml,,false,HTTP/XML availability only; see report for UI coverage
2026-09-25,https://www.16bitweather.co/blog/severe-storms-2026-09-12,sitemap,200,https://www.16bitweather.co/blog/severe-storms-2026-09-12,"Severe Convective Storms: On September 12, 2026, the Storm",false,HTTP/HTML availability only; see report for UI coverage
2026-09-25,https://www.16bitweather.co/blog/severe-storms-on-may-3-1999-a-supercell-thunderstorm-near-bridge-creek,sitemap,200,https://www.16bitweather.co/blog/severe-storms-on-may-3-1999-a-supercell-thunderstorm-near-bridge-creek,Severe Convective Storms: What Builds a 302 mph Tornado,false,HTTP/HTML availability only; see report for UI coverage
2026-09-25,https://www.16bitweather.co/blog/space-weather-on-march-13-1989-six-million-people-in-quebec-lost-power-f,sitemap,200,https://www.16bitweather.co/blog/space-weather-on-march-13-1989-six-million-people-in-quebec-lost-power-f,Space Weather: The G5 Storm That Blacked Out Quebec,false,HTTP/HTML availability only; see report for UI coverage
2026-09-25,https://www.16bitweather.co/blog/tech-and-models-2026-07-23,sitemap,200,https://www.16bitweather.co/blog/tech-and-models-2026-07-23,Forecasting Tech: Inside the Models Behind a Forecast,false,HTTP/HTML availability only; see report for UI coverage
2026-09-25,https://www.16bitweather.co/blog/this-week-in-weather-2026-04-27,sitemap,200,https://www.16bitweather.co/blog/this-week-in-weather-2026-04-27,"This Week in Weather — April 27, 2026",false,HTTP/HTML availability only; see report for UI coverage
2026-09-25,https://www.16bitweather.co/blog/this-week-in-weather-2026-05-03,sitemap,200,https://www.16bitweather.co/blog/this-week-in-weather-2026-05-03,"This Week in Weather — May 3, 2026",false,HTTP/HTML availability only; see report for UI coverage
2026-09-25,https://www.16bitweather.co/blog/this-week-in-weather-2026-05-10,sitemap,200,https://www.16bitweather.co/blog/this-week-in-weather-2026-05-10,"This Week in Weather — May 10, 2026",false,HTTP/HTML availability only; see report for UI coverage
2026-09-25,https://www.16bitweather.co/blog/this-week-in-weather-2026-05-18,sitemap,200,https://www.16bitweather.co/blog/this-week-in-weather-2026-05-18,"This Week in Weather — May 18, 2026",false,HTTP/HTML availability only; see report for UI coverage
2026-09-25,https://www.16bitweather.co/blog/this-week-in-weather-2026-05-25,sitemap,200,https://www.16bitweather.co/blog/this-week-in-weather-2026-05-25,"This Week in Weather — May 25, 2026",false,HTTP/HTML availability only; see report for UI coverage
2026-09-25,https://www.16bitweather.co/blog/this-week-in-weather-2026-05-31,sitemap,200,https://www.16bitweather.co/blog/this-week-in-weather-2026-05-31,"This Week in Weather — May 31, 2026",false,HTTP/HTML availability only; see report for UI coverage
2026-09-25,https://www.16bitweather.co/blog/this-week-in-weather-2026-06-07,sitemap,200,https://www.16bitweather.co/blog/this-week-in-weather-2026-06-07,"This Week in Weather — June 7, 2026: Alabama Storms",false,HTTP/HTML availability only; see report for UI coverage
2026-09-25,https://www.16bitweather.co/blog/this-week-in-weather-2026-06-14,sitemap,200,https://www.16bitweather.co/blog/this-week-in-weather-2026-06-14,"This Week in Weather — June 14, 2026: 205 Tornado Warnings",false,HTTP/HTML availability only; see report for UI coverage
2026-09-25,https://www.16bitweather.co/blog/this-week-in-weather-2026-06-21,sitemap,200,https://www.16bitweather.co/blog/this-week-in-weather-2026-06-21,"This Week in Weather — June 21, 2026",false,HTTP/HTML availability only; see report for UI coverage
2026-09-25,https://www.16bitweather.co/blog/this-week-in-weather-2026-06-28,sitemap,200,https://www.16bitweather.co/blog/this-week-in-weather-2026-06-28,"This Week in Weather — June 28, 2026: Heat Ridge",false,HTTP/HTML availability only; see report for UI coverage
2026-09-25,https://www.16bitweather.co/blog/this-week-in-weather-2026-07-05,sitemap,200,https://www.16bitweather.co/blog/this-week-in-weather-2026-07-05,"This Week in Weather — July 5, 2026: Wind Event & X1.3 Flare",false,HTTP/HTML availability only; see report for UI coverage
2026-09-25,https://www.16bitweather.co/blog/this-week-in-weather-2026-07-12,sitemap,200,https://www.16bitweather.co/blog/this-week-in-weather-2026-07-12,"This Week in Weather — July 12, 2026",false,HTTP/HTML availability only; see report for UI coverage
2026-09-25,https://www.16bitweather.co/blog/this-week-in-weather-2026-07-19,sitemap,200,https://www.16bitweather.co/blog/this-week-in-weather-2026-07-19,"This Week in Weather — July 19, 2026",false,HTTP/HTML availability only; see report for UI coverage
2026-09-25,https://www.16bitweather.co/blog/this-week-in-weather-2026-07-26,sitemap,200,https://www.16bitweather.co/blog/this-week-in-weather-2026-07-26,"This Week in Weather — July 26, 2026",false,HTTP/HTML availability only; see report for UI coverage
2026-09-25,https://www.16bitweather.co/blog/this-week-in-weather-2026-08-02,sitemap,200,https://www.16bitweather.co/blog/this-week-in-weather-2026-08-02,"This Week in Weather — August 2, 2026",false,HTTP/HTML availability only; see report for UI coverage
2026-09-25,https://www.16bitweather.co/blog/this-week-in-weather-2026-08-16,sitemap,200,https://www.16bitweather.co/blog/this-week-in-weather-2026-08-16,"This Week in Weather — August 16, 2026: Storm Reports",false,HTTP/HTML availability only; see report for UI coverage
2026-09-25,https://www.16bitweather.co/blog/this-week-in-weather-2026-08-23,sitemap,200,https://www.16bitweather.co/blog/this-week-in-weather-2026-08-23,"This Week in Weather — August 23, 2026",false,HTTP/HTML availability only; see report for UI coverage
2026-09-25,https://www.16bitweather.co/blog/this-week-in-weather-2026-08-30,sitemap,200,https://www.16bitweather.co/blog/this-week-in-weather-2026-08-30,"This Week in Weather — August 30, 2026",false,HTTP/HTML availability only; see report for UI coverage
2026-09-25,https://www.16bitweather.co/blog/this-week-in-weather-2026-09-06,sitemap,200,https://www.16bitweather.co/blog/this-week-in-weather-2026-09-06,"This Week in Weather — September 6, 2026",false,HTTP/HTML availability only; see report for UI coverage
2026-09-25,https://www.16bitweather.co/blog/this-week-in-weather-2026-09-20,sitemap,200,https://www.16bitweather.co/blog/this-week-in-weather-2026-09-20,"This Week in Weather — September 20, 2026",false,HTTP/HTML availability only; see report for UI coverage
2026-09-25,https://www.16bitweather.co/blog/tropical-on-august-19-2026-super-typhoon-bavi-crossed-the-northern,sitemap,200,https://www.16bitweather.co/blog/tropical-on-august-19-2026-super-typhoon-bavi-crossed-the-northern,Super Typhoon Bavi Crossed the Marianas at 180 mph,false,HTTP/HTML availability only; see report for UI coverage
2026-09-25,https://www.16bitweather.co/blog/urban-climate-2026-09-23,sitemap,200,https://www.16bitweather.co/blog/urban-climate-2026-09-23,"Urban Climate: On the night of July 21, 2021, the center",false,HTTP/HTML availability only; see report for UI coverage
2026-09-25,https://www.16bitweather.co/blog/urban-climate-on-the-night-of-july-21-1995-chicago-s-official-low-temper,sitemap,200,https://www.16bitweather.co/blog/urban-climate-on-the-night-of-july-21-1995-chicago-s-official-low-temper,Urban Climate: Chicago's 1995 Heat Wave,false,HTTP/HTML availability only; see report for UI coverage
2026-09-25,https://www.16bitweather.co/blog/volcanoes-2026-09-02,sitemap,200,https://www.16bitweather.co/blog/volcanoes-2026-09-02,"Volcanoes: Great Sitkin, Kīlauea and Atmospheric Impact",false,HTTP/HTML availability only; see report for UI coverage
2026-09-25,https://www.16bitweather.co/blog/volcanoes-nothing-significant-erupted-into-the-news-cycle-this-week-on,sitemap,200,https://www.16bitweather.co/blog/volcanoes-nothing-significant-erupted-into-the-news-cycle-this-week-on,Volcanic Sulfur and Climate: The Pinatubo Case,false,HTTP/HTML availability only; see report for UI coverage
2026-09-25,https://www.16bitweather.co/blog?category=climate-earth,discovered internal link,200,https://www.16bitweather.co/blog?category=climate-earth,Climate & Earth — Weather Blog | 16 Bit Weather,false,HTTP/HTML availability only; see report for UI coverage
2026-09-25,https://www.16bitweather.co/blog?category=severe-weather,discovered internal link,200,https://www.16bitweather.co/blog?category=severe-weather,Severe Weather — Weather Blog | 16 Bit Weather,false,HTTP/HTML availability only; see report for UI coverage
2026-09-25,https://www.16bitweather.co/blog?category=space-weather,discovered internal link,200,https://www.16bitweather.co/blog?category=space-weather,Space Weather — Weather Blog | 16 Bit Weather,false,HTTP/HTML availability only; see report for UI coverage
2026-09-25,https://www.16bitweather.co/blog?category=weekly-dispatch,discovered internal link,200,https://www.16bitweather.co/blog?category=weekly-dispatch,Weekly Dispatch — Weather Blog | 16 Bit Weather,false,HTTP/HTML availability only; see report for UI coverage
2026-09-25,https://www.16bitweather.co/blog?page=2,discovered internal link,200,https://www.16bitweather.co/blog?page=2,Weather Blog — Page 2 | 16 Bit Weather,false,HTTP/HTML availability only; see report for UI coverage
2026-09-25,https://www.16bitweather.co/blog?page=3,discovered internal link,200,https://www.16bitweather.co/blog?page=3,Weather Blog — Page 3 | 16 Bit Weather,false,HTTP/HTML availability only; see report for UI coverage
2026-09-25,https://www.16bitweather.co/blog?page=4,discovered internal link,200,https://www.16bitweather.co/blog?page=4,Weather Blog — Page 4 | 16 Bit Weather,false,HTTP/HTML availability only; see report for UI coverage
2026-09-25,https://www.16bitweather.co/blog?page=5,discovered internal link,200,https://www.16bitweather.co/blog?page=5,Weather Blog — Page 5 | 16 Bit Weather,false,HTTP/HTML availability only; see report for UI coverage
2026-09-25,https://www.16bitweather.co/blog?tag=agricultural,discovered internal link,200,https://www.16bitweather.co/blog?tag=agricultural,agricultural — Weather Blog | 16 Bit Weather,false,HTTP/HTML availability only; see report for UI coverage
2026-09-25,https://www.16bitweather.co/blog?tag=atmosphere-layers,discovered internal link,200,https://www.16bitweather.co/blog?tag=atmosphere-layers,atmosphere-layers — Weather Blog | 16 Bit Weather,false,HTTP/HTML availability only; see report for UI coverage
2026-09-25,https://www.16bitweather.co/blog?tag=aurora,discovered internal link,200,https://www.16bitweather.co/blog?tag=aurora,aurora — Weather Blog | 16 Bit Weather,false,HTTP/HTML availability only; see report for UI coverage
2026-09-25,https://www.16bitweather.co/blog?tag=aviation,discovered internal link,200,https://www.16bitweather.co/blog?tag=aviation,aviation — Weather Blog | 16 Bit Weather,false,HTTP/HTML availability only; see report for UI coverage
2026-09-25,https://www.16bitweather.co/blog?tag=biometeorology,discovered internal link,200,https://www.16bitweather.co/blog?tag=biometeorology,biometeorology — Weather Blog | 16 Bit Weather,false,HTTP/HTML availability only; see report for UI coverage
2026-09-25,https://www.16bitweather.co/blog?tag=california-rain,discovered internal link,200,https://www.16bitweather.co/blog?tag=california-rain,california rain — Weather Blog | 16 Bit Weather,false,HTTP/HTML availability only; see report for UI coverage
2026-09-25,https://www.16bitweather.co/blog?tag=climate,discovered internal link,200,https://www.16bitweather.co/blog?tag=climate,climate — Weather Blog | 16 Bit Weather,false,HTTP/HTML availability only; see report for UI coverage
2026-09-25,https://www.16bitweather.co/blog?tag=cryosphere,discovered internal link,200,https://www.16bitweather.co/blog?tag=cryosphere,cryosphere — Weather Blog | 16 Bit Weather,false,HTTP/HTML availability only; see report for UI coverage
2026-09-25,https://www.16bitweather.co/blog?tag=earth-day,discovered internal link,200,https://www.16bitweather.co/blog?tag=earth-day,earth day — Weather Blog | 16 Bit Weather,false,HTTP/HTML availability only; see report for UI coverage
2026-09-25,https://www.16bitweather.co/blog?tag=earthquakes,discovered internal link,200,https://www.16bitweather.co/blog?tag=earthquakes,earthquakes — Weather Blog | 16 Bit Weather,false,HTTP/HTML availability only; see report for UI coverage
2026-09-25,https://www.16bitweather.co/blog?tag=el-nino,discovered internal link,200,https://www.16bitweather.co/blog?tag=el-nino,el nino — Weather Blog | 16 Bit Weather,false,HTTP/HTML availability only; see report for UI coverage
2026-09-25,https://www.16bitweather.co/blog?tag=forecast,discovered internal link,200,https://www.16bitweather.co/blog?tag=forecast,forecast — Weather Blog | 16 Bit Weather,false,HTTP/HTML availability only; see report for UI coverage
2026-09-25,https://www.16bitweather.co/blog?tag=freeze-warning,discovered internal link,200,https://www.16bitweather.co/blog?tag=freeze-warning,freeze warning — Weather Blog | 16 Bit Weather,false,HTTP/HTML availability only; see report for UI coverage
2026-09-25,https://www.16bitweather.co/blog?tag=geomagnetic,discovered internal link,200,https://www.16bitweather.co/blog?tag=geomagnetic,geomagnetic — Weather Blog | 16 Bit Weather,false,HTTP/HTML availability only; see report for UI coverage
2026-09-25,https://www.16bitweather.co/blog?tag=geomagnetic-storms,discovered internal link,200,https://www.16bitweather.co/blog?tag=geomagnetic-storms,geomagnetic storms — Weather Blog | 16 Bit Weather,false,HTTP/HTML availability only; see report for UI coverage
2026-09-25,https://www.16bitweather.co/blog?tag=historical-events,discovered internal link,200,https://www.16bitweather.co/blog?tag=historical-events,historical-events — Weather Blog | 16 Bit Weather,false,HTTP/HTML availability only; see report for UI coverage
2026-09-25,https://www.16bitweather.co/blog?tag=lyrid-meteor-shower,discovered internal link,200,https://www.16bitweather.co/blog?tag=lyrid-meteor-shower,lyrid meteor shower — Weather Blog | 16 Bit Weather,false,HTTP/HTML availability only; see report for UI coverage
2026-09-25,https://www.16bitweather.co/blog?tag=marine,discovered internal link,200,https://www.16bitweather.co/blog?tag=marine,marine — Weather Blog | 16 Bit Weather,false,HTTP/HTML availability only; see report for UI coverage
2026-09-25,https://www.16bitweather.co/blog?tag=ocean-currents,discovered internal link,200,https://www.16bitweather.co/blog?tag=ocean-currents,ocean-currents — Weather Blog | 16 Bit Weather,false,HTTP/HTML availability only; see report for UI coverage
2026-09-25,https://www.16bitweather.co/blog?tag=pacific,discovered internal link,200,https://www.16bitweather.co/blog?tag=pacific,pacific — Weather Blog | 16 Bit Weather,false,HTTP/HTML availability only; see report for UI coverage
2026-09-25,https://www.16bitweather.co/blog?tag=paleoclimate,discovered internal link,200,https://www.16bitweather.co/blog?tag=paleoclimate,paleoclimate — Weather Blog | 16 Bit Weather,false,HTTP/HTML availability only; see report for UI coverage
2026-09-25,https://www.16bitweather.co/blog?tag=plains,discovered internal link,200,https://www.16bitweather.co/blog?tag=plains,plains — Weather Blog | 16 Bit Weather,false,HTTP/HTML availability only; see report for UI coverage
2026-09-25,https://www.16bitweather.co/blog?tag=roadmap,discovered internal link,200,https://www.16bitweather.co/blog?tag=roadmap,roadmap — Weather Blog | 16 Bit Weather,false,HTTP/HTML availability only; see report for UI coverage
2026-09-25,https://www.16bitweather.co/blog?tag=science,discovered internal link,200,https://www.16bitweather.co/blog?tag=science,science — Weather Blog | 16 Bit Weather,false,HTTP/HTML availability only; see report for UI coverage
2026-09-25,https://www.16bitweather.co/blog?tag=severe-storms,discovered internal link,200,https://www.16bitweather.co/blog?tag=severe-storms,severe-storms — Weather Blog | 16 Bit Weather,false,HTTP/HTML availability only; see report for UI coverage
2026-09-25,https://www.16bitweather.co/blog?tag=severe-weather,discovered internal link,200,https://www.16bitweather.co/blog?tag=severe-weather,severe-weather — Weather Blog | 16 Bit Weather,false,HTTP/HTML availability only; see report for UI coverage
2026-09-25,https://www.16bitweather.co/blog?tag=solar-activity,discovered internal link,200,https://www.16bitweather.co/blog?tag=solar-activity,solar-activity — Weather Blog | 16 Bit Weather,false,HTTP/HTML availability only; see report for UI coverage
2026-09-25,https://www.16bitweather.co/blog?tag=solar-cycle,discovered internal link,200,https://www.16bitweather.co/blog?tag=solar-cycle,solar cycle — Weather Blog | 16 Bit Weather,false,HTTP/HTML availability only; see report for UI coverage
2026-09-25,https://www.16bitweather.co/blog?tag=solar-flare,discovered internal link,200,https://www.16bitweather.co/blog?tag=solar-flare,solar flare — Weather Blog | 16 Bit Weather,false,HTTP/HTML availability only; see report for UI coverage
2026-09-25,https://www.16bitweather.co/blog?tag=solar-flares,discovered internal link,200,https://www.16bitweather.co/blog?tag=solar-flares,solar flares — Weather Blog | 16 Bit Weather,false,HTTP/HTML availability only; see report for UI coverage
2026-09-25,https://www.16bitweather.co/blog?tag=solar-weather,discovered internal link,200,https://www.16bitweather.co/blog?tag=solar-weather,solar weather — Weather Blog | 16 Bit Weather,false,HTTP/HTML availability only; see report for UI coverage
2026-09-25,https://www.16bitweather.co/blog?tag=space-weather,discovered internal link,200,https://www.16bitweather.co/blog?tag=space-weather,space-weather — Weather Blog | 16 Bit Weather,false,HTTP/HTML availability only; see report for UI coverage
2026-09-25,https://www.16bitweather.co/blog?tag=spring-pattern,discovered internal link,200,https://www.16bitweather.co/blog?tag=spring-pattern,spring pattern — Weather Blog | 16 Bit Weather,false,HTTP/HTML availability only; see report for UI coverage
2026-09-25,https://www.16bitweather.co/blog?tag=spring-storms,discovered internal link,200,https://www.16bitweather.co/blog?tag=spring-storms,spring storms — Weather Blog | 16 Bit Weather,false,HTTP/HTML availability only; see report for UI coverage
2026-09-25,https://www.16bitweather.co/blog?tag=spring-weather,discovered internal link,200,https://www.16bitweather.co/blog?tag=spring-weather,spring-weather — Weather Blog | 16 Bit Weather,false,HTTP/HTML availability only; see report for UI coverage
2026-09-25,https://www.16bitweather.co/blog?tag=sun,discovered internal link,200,https://www.16bitweather.co/blog?tag=sun,sun — Weather Blog | 16 Bit Weather,false,HTTP/HTML availability only; see report for UI coverage
2026-09-25,https://www.16bitweather.co/blog?tag=supercells,discovered internal link,200,https://www.16bitweather.co/blog?tag=supercells,supercells — Weather Blog | 16 Bit Weather,false,HTTP/HTML availability only; see report for UI coverage
2026-09-25,https://www.16bitweather.co/blog?tag=tech-and-models,discovered internal link,200,https://www.16bitweather.co/blog?tag=tech-and-models,tech-and-models — Weather Blog | 16 Bit Weather,false,HTTP/HTML availability only; see report for UI coverage
2026-09-25,https://www.16bitweather.co/blog?tag=tornadoes,discovered internal link,200,https://www.16bitweather.co/blog?tag=tornadoes,tornadoes — Weather Blog | 16 Bit Weather,false,HTTP/HTML availability only; see report for UI coverage
2026-09-25,https://www.16bitweather.co/blog?tag=tropical,discovered internal link,200,https://www.16bitweather.co/blog?tag=tropical,tropical — Weather Blog | 16 Bit Weather,false,HTTP/HTML availability only; see report for UI coverage
2026-09-25,https://www.16bitweather.co/blog?tag=tsunami,discovered internal link,200,https://www.16bitweather.co/blog?tag=tsunami,tsunami — Weather Blog | 16 Bit Weather,false,HTTP/HTML availability only; see report for UI coverage
2026-09-25,https://www.16bitweather.co/blog?tag=urban-climate,discovered internal link,200,https://www.16bitweather.co/blog?tag=urban-climate,urban-climate — Weather Blog | 16 Bit Weather,false,HTTP/HTML availability only; see report for UI coverage
2026-09-25,https://www.16bitweather.co/blog?tag=volcanoes,discovered internal link,200,https://www.16bitweather.co/blog?tag=volcanoes,volcanoes — Weather Blog | 16 Bit Weather,false,HTTP/HTML availability only; see report for UI coverage
2026-09-25,https://www.16bitweather.co/blog?tag=weather,discovered internal link,200,https://www.16bitweather.co/blog?tag=weather,weather — Weather Blog | 16 Bit Weather,false,HTTP/HTML availability only; see report for UI coverage
2026-09-25,https://www.16bitweather.co/blog?tag=weekly-dispatch,discovered internal link,200,https://www.16bitweather.co/blog?tag=weekly-dispatch,weekly dispatch — Weather Blog | 16 Bit Weather,false,HTTP/HTML availability only; see report for UI coverage
2026-09-25,https://www.16bitweather.co/blog?tag=weekly-recap,discovered internal link,200,https://www.16bitweather.co/blog?tag=weekly-recap,weekly-recap — Weather Blog | 16 Bit Weather,false,HTTP/HTML availability only; see report for UI coverage
2026-09-25,https://www.16bitweather.co/cloud-types,sitemap,200,https://www.16bitweather.co/cloud-types,Cloud Atlas: 35 Cloud Types Explained | 16 Bit Weather,false,HTTP/HTML availability only; see report for UI coverage
2026-09-25,https://www.16bitweather.co/dashboard,additional fixed route,200,https://www.16bitweather.co/dashboard,Weather Dashboard | 16 Bit Weather,false,HTTP/HTML availability only; see report for UI coverage
2026-09-25,https://www.16bitweather.co/earth-sciences,sitemap,200,https://www.16bitweather.co/earth-sciences,Earth Sciences — Live Global Earthquakes & Seismic Activity | 16 Bit Weather | 16 Bit Weather,false,HTTP/HTML availability only; see report for UI coverage
2026-09-25,https://www.16bitweather.co/education,sitemap,200,https://www.16bitweather.co/education,Weather Education Hub: Learn Meteorology | 16 Bit Weather,false,HTTP/HTML availability only; see report for UI coverage
2026-09-25,https://www.16bitweather.co/education/cloud-types/altocumulus,sitemap,200,https://www.16bitweather.co/education/cloud-types/altocumulus,Altocumulus — Cloud AtlasAltitude range of altocumulus,false,HTTP/HTML availability only; see report for UI coverage
2026-09-25,https://www.16bitweather.co/education/cloud-types/cirrus,sitemap,200,https://www.16bitweather.co/education/cloud-types/cirrus,Cirrus — Cloud AtlasAltitude range of cirrus,false,HTTP/HTML availability only; see report for UI coverage
2026-09-25,https://www.16bitweather.co/education/cloud-types/cumulonimbus,sitemap,200,https://www.16bitweather.co/education/cloud-types/cumulonimbus,Cumulonimbus — Cloud AtlasAltitude range of cumulonimbusCross-section of a cumulonimbus cloud,false,HTTP/HTML availability only; see report for UI coverage
2026-09-25,https://www.16bitweather.co/education/cloud-types/cumulus,sitemap,200,https://www.16bitweather.co/education/cloud-types/cumulus,Cumulus — Cloud AtlasAltitude range of cumulus,false,HTTP/HTML availability only; see report for UI coverage
2026-09-25,https://www.16bitweather.co/education/cloud-types/lenticular,sitemap,200,https://www.16bitweather.co/education/cloud-types/lenticular,Lenticular — Cloud AtlasAltitude range of lenticular,false,HTTP/HTML availability only; see report for UI coverage
2026-09-25,https://www.16bitweather.co/education/cloud-types/nimbostratus,sitemap,200,https://www.16bitweather.co/education/cloud-types/nimbostratus,Nimbostratus — Cloud AtlasAltitude range of nimbostratus,false,HTTP/HTML availability only; see report for UI coverage
2026-09-25,https://www.16bitweather.co/education/cloud-types/stratus,sitemap,200,https://www.16bitweather.co/education/cloud-types/stratus,Stratus — Cloud AtlasAltitude range of stratus,false,HTTP/HTML availability only; see report for UI coverage
2026-09-25,https://www.16bitweather.co/education/glossary,sitemap,200,https://www.16bitweather.co/education/glossary,English Weather Glossary: Forecast Terms,false,HTTP/HTML availability only; see report for UI coverage
2026-09-25,https://www.16bitweather.co/education/phenomena/ball-lightning,sitemap,200,https://www.16bitweather.co/education/phenomena/ball-lightning,Ball Lightning — 16-Bit Takes,false,HTTP/HTML availability only; see report for UI coverage
2026-09-25,https://www.16bitweather.co/education/phenomena/haboob,sitemap,200,https://www.16bitweather.co/education/phenomena/haboob,Haboob — 16-Bit Takes,false,HTTP/HTML availability only; see report for UI coverage
2026-09-25,https://www.16bitweather.co/education/phenomena/microbursts,sitemap,200,https://www.16bitweather.co/education/phenomena/microbursts,Microbursts — 16-Bit Takes,false,HTTP/HTML availability only; see report for UI coverage
2026-09-25,https://www.16bitweather.co/education/phenomena/sprites,sitemap,200,https://www.16bitweather.co/education/phenomena/sprites,Sprites — 16-Bit Takes,false,HTTP/HTML availability only; see report for UI coverage
2026-09-25,https://www.16bitweather.co/education/phenomena/sun-dogs,sitemap,200,https://www.16bitweather.co/education/phenomena/sun-dogs,Sun Dogs (Parhelia) — 16-Bit Takes,false,HTTP/HTML availability only; see report for UI coverage
2026-09-25,https://www.16bitweather.co/education/phenomena/thundersnow,sitemap,200,https://www.16bitweather.co/education/phenomena/thundersnow,Thundersnow — 16-Bit Takes,false,HTTP/HTML availability only; see report for UI coverage
2026-09-25,https://www.16bitweather.co/education/weather-systems/anticyclones,sitemap,200,https://www.16bitweather.co/education/weather-systems/anticyclones,Anticyclones — Weather Systems Guide,false,HTTP/HTML availability only; see report for UI coverage
2026-09-25,https://www.16bitweather.co/education/weather-systems/atmospheric-rivers,sitemap,200,https://www.16bitweather.co/education/weather-systems/atmospheric-rivers,Atmospheric Rivers — Weather Systems Guide,false,HTTP/HTML availability only; see report for UI coverage
2026-09-25,https://www.16bitweather.co/education/weather-systems/blocking-highs,sitemap,200,https://www.16bitweather.co/education/weather-systems/blocking-highs,Blocking Highs — Weather Systems Guide,false,HTTP/HTML availability only; see report for UI coverage
2026-09-25,https://www.16bitweather.co/education/weather-systems/cold-fronts,sitemap,200,https://www.16bitweather.co/education/weather-systems/cold-fronts,Cold Fronts — Weather Systems Guide,false,HTTP/HTML availability only; see report for UI coverage
2026-09-25,https://www.16bitweather.co/education/weather-systems/cyclones,sitemap,200,https://www.16bitweather.co/education/weather-systems/cyclones,Cyclones — Weather Systems Guide,false,HTTP/HTML availability only; see report for UI coverage
2026-09-25,https://www.16bitweather.co/education/weather-systems/depressions,sitemap,200,https://www.16bitweather.co/education/weather-systems/depressions,Depressions — Weather Systems Guide,false,HTTP/HTML availability only; see report for UI coverage
2026-09-25,https://www.16bitweather.co/education/weather-systems/jet-streams,sitemap,200,https://www.16bitweather.co/education/weather-systems/jet-streams,JET STREAMS — Weather Systems Guide,false,HTTP/HTML availability only; see report for UI coverage
2026-09-25,https://www.16bitweather.co/education/weather-systems/mesoscale-convective-complexes,sitemap,200,https://www.16bitweather.co/education/weather-systems/mesoscale-convective-complexes,MESOSCALE CONVECTIVE COMPLEXES — Weather Systems Guide,false,HTTP/HTML availability only; see report for UI coverage
2026-09-25,https://www.16bitweather.co/education/weather-systems/mid-latitude-cyclones,sitemap,200,https://www.16bitweather.co/education/weather-systems/mid-latitude-cyclones,MID-LATITUDE CYCLONES — Weather Systems Guide,false,HTTP/HTML availability only; see report for UI coverage
2026-09-25,https://www.16bitweather.co/education/weather-systems/monsoons,sitemap,200,https://www.16bitweather.co/education/weather-systems/monsoons,MONSOONS — Weather Systems Guide,false,HTTP/HTML availability only; see report for UI coverage
2026-09-25,https://www.16bitweather.co/education/weather-systems/occluded-fronts,sitemap,200,https://www.16bitweather.co/education/weather-systems/occluded-fronts,Occluded Fronts — Weather Systems Guide,false,HTTP/HTML availability only; see report for UI coverage
2026-09-25,https://www.16bitweather.co/education/weather-systems/polar-vortex,sitemap,200,https://www.16bitweather.co/education/weather-systems/polar-vortex,POLAR VORTEX — Weather Systems Guide,false,HTTP/HTML availability only; see report for UI coverage
2026-09-25,https://www.16bitweather.co/education/weather-systems/squall-lines,sitemap,200,https://www.16bitweather.co/education/weather-systems/squall-lines,SQUALL LINES — Weather Systems Guide,false,HTTP/HTML availability only; see report for UI coverage
2026-09-25,https://www.16bitweather.co/education/weather-systems/stationary-fronts,sitemap,200,https://www.16bitweather.co/education/weather-systems/stationary-fronts,Stationary Fronts — Weather Systems Guide,false,HTTP/HTML availability only; see report for UI coverage
2026-09-25,https://www.16bitweather.co/education/weather-systems/tropical-cyclones,sitemap,200,https://www.16bitweather.co/education/weather-systems/tropical-cyclones,TROPICAL CYCLONES — Weather Systems Guide,false,HTTP/HTML availability only; see report for UI coverage
2026-09-25,https://www.16bitweather.co/education/weather-systems/warm-fronts,sitemap,200,https://www.16bitweather.co/education/weather-systems/warm-fronts,Warm Fronts — Weather Systems Guide,false,HTTP/HTML availability only; see report for UI coverage
2026-09-25,https://www.16bitweather.co/fun-facts,sitemap,200,https://www.16bitweather.co/fun-facts,Weather Fun Facts & Rare Phenomena | 16 Bit Weather,false,HTTP/HTML availability only; see report for UI coverage
2026-09-25,https://www.16bitweather.co/hourly,additional fixed route,200,https://www.16bitweather.co/hourly,48-Hour Forecast | 16 Bit Weather,false,HTTP/HTML availability only; see report for UI coverage
2026-09-25,https://www.16bitweather.co/map,additional fixed route,200,https://www.16bitweather.co/radar,Live Weather Radar Map | 16 Bit Weather,false,HTTP/HTML availability only; see report for UI coverage
2026-09-25,https://www.16bitweather.co/news,sitemap,200,https://www.16bitweather.co/news,"Weather News: Quakes, Volcanoes & Climate | 16 Bit Weather",false,HTTP/HTML availability only; see report for UI coverage
2026-09-25,https://www.16bitweather.co/profile,additional fixed route,200,https://www.16bitweather.co/auth?next=%2Fprofile,Sign In | 16 Bit Weather,false,HTTP/HTML availability only; see report for UI coverage
2026-09-25,https://www.16bitweather.co/radar,sitemap,200,https://www.16bitweather.co/radar,Live Weather Radar Map | 16 Bit Weather,false,HTTP/HTML availability only; see report for UI coverage
2026-09-25,https://www.16bitweather.co/radar-diagnostic,additional fixed route,200,https://www.16bitweather.co/radar-diagnostic,"Live Weather, Radar & Space Weather | 16 Bit Weather",false,HTTP/HTML availability only; see report for UI coverage
2026-09-25,https://www.16bitweather.co/severe,sitemap,200,https://www.16bitweather.co/severe,Severe Weather Outlook & SPC Storm Maps | 16 Bit Weather,false,HTTP/HTML availability only; see report for UI coverage
2026-09-25,https://www.16bitweather.co/space-weather,sitemap,200,https://www.16bitweather.co/space-weather,Space Weather: Solar Flares & Live Kp Index | 16 Bit Weather,false,HTTP/HTML availability only; see report for UI coverage
2026-09-25,https://www.16bitweather.co/space-weather/aurora-forecast,sitemap,200,https://www.16bitweather.co/space-weather/aurora-forecast,Aurora Forecast Tonight: Where To Look,false,HTTP/HTML availability only; see report for UI coverage
2026-09-25,https://www.16bitweather.co/space-weather/kp-index,sitemap,200,https://www.16bitweather.co/space-weather/kp-index,Live Kp Index & Geomagnetic Storm Scale,false,HTTP/HTML availability only; see report for UI coverage
2026-09-25,https://www.16bitweather.co/space-weather/solar-flares,sitemap,200,https://www.16bitweather.co/space-weather/solar-flares,Solar Flare Monitor: Live Solar Activity,false,HTTP/HTML availability only; see report for UI coverage
2026-09-25,https://www.16bitweather.co/space-weather/solar-wind,sitemap,200,https://www.16bitweather.co/space-weather/solar-wind,Real-Time Solar Wind Speed & Density,false,HTTP/HTML availability only; see report for UI coverage
2026-09-25,https://www.16bitweather.co/stargazer,sitemap,200,https://www.16bitweather.co/stargazer,Stargazer: Astrophotography Forecast | 16 Bit Weather,false,HTTP/HTML availability only; see report for UI coverage
2026-09-25,https://www.16bitweather.co/stargazer/objects,sitemap,200,https://www.16bitweather.co/stargazer/objects,Deep-Sky Object Catalog,false,HTTP/HTML availability only; see report for UI coverage
2026-09-25,https://www.16bitweather.co/stargazer/objects/B33,sitemap,200,https://www.16bitweather.co/stargazer/objects/B33,B33 Horsehead Nebula: Observing Guide,false,HTTP/HTML availability only; see report for UI coverage
2026-09-25,https://www.16bitweather.co/stargazer/objects/IC1396,sitemap,200,https://www.16bitweather.co/stargazer/objects/IC1396,IC1396 Elephant's Trunk Nebula: Observing Guide,false,HTTP/HTML availability only; see report for UI coverage
2026-09-25,https://www.16bitweather.co/stargazer/objects/IC1805,sitemap,200,https://www.16bitweather.co/stargazer/objects/IC1805,IC1805 Heart Nebula: Observing Guide,false,HTTP/HTML availability only; see report for UI coverage
2026-09-25,https://www.16bitweather.co/stargazer/objects/IC1848,sitemap,200,https://www.16bitweather.co/stargazer/objects/IC1848,IC1848 Soul Nebula: Observing Guide,false,HTTP/HTML availability only; see report for UI coverage
2026-09-25,https://www.16bitweather.co/stargazer/objects/IC2118,sitemap,200,https://www.16bitweather.co/stargazer/objects/IC2118,IC2118 Witch Head Nebula: Observing Guide,false,HTTP/HTML availability only; see report for UI coverage
2026-09-25,https://www.16bitweather.co/stargazer/objects/IC405,sitemap,200,https://www.16bitweather.co/stargazer/objects/IC405,IC405 Flaming Star Nebula: Observing Guide,false,HTTP/HTML availability only; see report for UI coverage
2026-09-25,https://www.16bitweather.co/stargazer/objects/IC410,sitemap,200,https://www.16bitweather.co/stargazer/objects/IC410,IC410 Tadpoles Nebula: Observing Guide,false,HTTP/HTML availability only; see report for UI coverage
2026-09-25,https://www.16bitweather.co/stargazer/objects/IC434,sitemap,200,https://www.16bitweather.co/stargazer/objects/IC434,IC434 Horsehead Nebula Region: Observing Guide,false,HTTP/HTML availability only; see report for UI coverage
2026-09-25,https://www.16bitweather.co/stargazer/objects/IC5070,sitemap,200,https://www.16bitweather.co/stargazer/objects/IC5070,IC5070 Pelican Nebula: Observing Guide,false,HTTP/HTML availability only; see report for UI coverage
2026-09-25,https://www.16bitweather.co/stargazer/objects/IC5146,sitemap,200,https://www.16bitweather.co/stargazer/objects/IC5146,IC5146 Cocoon Nebula: Observing Guide,false,HTTP/HTML availability only; see report for UI coverage
2026-09-25,https://www.16bitweather.co/stargazer/objects/M1,sitemap,200,https://www.16bitweather.co/stargazer/objects/M1,M1 Crab Nebula: Observing Guide,false,HTTP/HTML availability only; see report for UI coverage
2026-09-25,https://www.16bitweather.co/stargazer/objects/M10,sitemap,200,https://www.16bitweather.co/stargazer/objects/M10,M10 NGC 6254: Observing Guide,false,HTTP/HTML availability only; see report for UI coverage
2026-09-25,https://www.16bitweather.co/stargazer/objects/M100,sitemap,200,https://www.16bitweather.co/stargazer/objects/M100,M100 Mirror Galaxy: Observing Guide,false,HTTP/HTML availability only; see report for UI coverage
2026-09-25,https://www.16bitweather.co/stargazer/objects/M101,sitemap,200,https://www.16bitweather.co/stargazer/objects/M101,M101 Pinwheel Galaxy: Observing Guide,false,HTTP/HTML availability only; see report for UI coverage
2026-09-25,https://www.16bitweather.co/stargazer/objects/M102,sitemap,200,https://www.16bitweather.co/stargazer/objects/M102,M102 Spindle Galaxy: Observing Guide,false,HTTP/HTML availability only; see report for UI coverage
2026-09-25,https://www.16bitweather.co/stargazer/objects/M103,sitemap,200,https://www.16bitweather.co/stargazer/objects/M103,M103 NGC 581: Observing Guide,false,HTTP/HTML availability only; see report for UI coverage
2026-09-25,https://www.16bitweather.co/stargazer/objects/M104,sitemap,200,https://www.16bitweather.co/stargazer/objects/M104,M104 Sombrero Galaxy: Observing Guide,false,HTTP/HTML availability only; see report for UI coverage
2026-09-25,https://www.16bitweather.co/stargazer/objects/M105,sitemap,200,https://www.16bitweather.co/stargazer/objects/M105,M105 NGC 3379: Observing Guide,false,HTTP/HTML availability only; see report for UI coverage
2026-09-25,https://www.16bitweather.co/stargazer/objects/M106,sitemap,200,https://www.16bitweather.co/stargazer/objects/M106,M106 NGC 4258: Observing Guide,false,HTTP/HTML availability only; see report for UI coverage
2026-09-25,https://www.16bitweather.co/stargazer/objects/M107,sitemap,200,https://www.16bitweather.co/stargazer/objects/M107,M107 NGC 6171: Observing Guide,false,HTTP/HTML availability only; see report for UI coverage
2026-09-25,https://www.16bitweather.co/stargazer/objects/M108,sitemap,200,https://www.16bitweather.co/stargazer/objects/M108,M108 Surfboard Galaxy: Observing Guide,false,HTTP/HTML availability only; see report for UI coverage
2026-09-25,https://www.16bitweather.co/stargazer/objects/M109,sitemap,200,https://www.16bitweather.co/stargazer/objects/M109,M109 NGC 3992: Observing Guide,false,HTTP/HTML availability only; see report for UI coverage
2026-09-25,https://www.16bitweather.co/stargazer/objects/M11,sitemap,200,https://www.16bitweather.co/stargazer/objects/M11,M11 Wild Duck Cluster: Observing Guide,false,HTTP/HTML availability only; see report for UI coverage
2026-09-25,https://www.16bitweather.co/stargazer/objects/M110,sitemap,200,https://www.16bitweather.co/stargazer/objects/M110,M110 NGC 205: Observing Guide,false,HTTP/HTML availability only; see report for UI coverage
2026-09-25,https://www.16bitweather.co/stargazer/objects/M12,sitemap,200,https://www.16bitweather.co/stargazer/objects/M12,M12 Gumball Globular: Observing Guide,false,HTTP/HTML availability only; see report for UI coverage
2026-09-25,https://www.16bitweather.co/stargazer/objects/M13,sitemap,200,https://www.16bitweather.co/stargazer/objects/M13,M13 Great Globular Cluster in Hercules: Observing Guide,false,HTTP/HTML availability only; see report for UI coverage
2026-09-25,https://www.16bitweather.co/stargazer/objects/M14,sitemap,200,https://www.16bitweather.co/stargazer/objects/M14,M14 NGC 6402: Observing Guide,false,HTTP/HTML availability only; see report for UI coverage
2026-09-25,https://www.16bitweather.co/stargazer/objects/M15,sitemap,200,https://www.16bitweather.co/stargazer/objects/M15,M15 Great Pegasus Cluster: Observing Guide,false,HTTP/HTML availability only; see report for UI coverage
2026-09-25,https://www.16bitweather.co/stargazer/objects/M16,sitemap,200,https://www.16bitweather.co/stargazer/objects/M16,M16 Eagle Nebula: Observing Guide,false,HTTP/HTML availability only; see report for UI coverage
2026-09-25,https://www.16bitweather.co/stargazer/objects/M17,sitemap,200,https://www.16bitweather.co/stargazer/objects/M17,M17 Omega Nebula: Observing Guide,false,HTTP/HTML availability only; see report for UI coverage
2026-09-25,https://www.16bitweather.co/stargazer/objects/M18,sitemap,200,https://www.16bitweather.co/stargazer/objects/M18,M18 NGC 6613: Observing Guide,false,HTTP/HTML availability only; see report for UI coverage
2026-09-25,https://www.16bitweather.co/stargazer/objects/M19,sitemap,200,https://www.16bitweather.co/stargazer/objects/M19,M19 NGC 6273: Observing Guide,false,HTTP/HTML availability only; see report for UI coverage
2026-09-25,https://www.16bitweather.co/stargazer/objects/M2,sitemap,200,https://www.16bitweather.co/stargazer/objects/M2,M2 Aquarius Globular Cluster: Observing Guide,false,HTTP/HTML availability only; see report for UI coverage
2026-09-25,https://www.16bitweather.co/stargazer/objects/M20,sitemap,200,https://www.16bitweather.co/stargazer/objects/M20,M20 Trifid Nebula: Observing Guide,false,HTTP/HTML availability only; see report for UI coverage
2026-09-25,https://www.16bitweather.co/stargazer/objects/M21,sitemap,200,https://www.16bitweather.co/stargazer/objects/M21,M21 NGC 6531: Observing Guide,false,HTTP/HTML availability only; see report for UI coverage
2026-09-25,https://www.16bitweather.co/stargazer/objects/M22,sitemap,200,https://www.16bitweather.co/stargazer/objects/M22,M22 Sagittarius Cluster: Observing Guide,false,HTTP/HTML availability only; see report for UI coverage
2026-09-25,https://www.16bitweather.co/stargazer/objects/M23,sitemap,200,https://www.16bitweather.co/stargazer/objects/M23,M23 NGC 6494: Observing Guide,false,HTTP/HTML availability only; see report for UI coverage
2026-09-25,https://www.16bitweather.co/stargazer/objects/M24,sitemap,200,https://www.16bitweather.co/stargazer/objects/M24,M24 Sagittarius Star Cloud: Observing Guide,false,HTTP/HTML availability only; see report for UI coverage
2026-09-25,https://www.16bitweather.co/stargazer/objects/M25,sitemap,200,https://www.16bitweather.co/stargazer/objects/M25,M25 IC 4725: Observing Guide,false,HTTP/HTML availability only; see report for UI coverage
2026-09-25,https://www.16bitweather.co/stargazer/objects/M26,sitemap,200,https://www.16bitweather.co/stargazer/objects/M26,M26 NGC 6694: Observing Guide,false,HTTP/HTML availability only; see report for UI coverage
2026-09-25,https://www.16bitweather.co/stargazer/objects/M27,sitemap,200,https://www.16bitweather.co/stargazer/objects/M27,M27 Dumbbell Nebula: Observing Guide,false,HTTP/HTML availability only; see report for UI coverage
2026-09-25,https://www.16bitweather.co/stargazer/objects/M28,sitemap,200,https://www.16bitweather.co/stargazer/objects/M28,M28 NGC 6626: Observing Guide,false,HTTP/HTML availability only; see report for UI coverage
2026-09-25,https://www.16bitweather.co/stargazer/objects/M29,sitemap,200,https://www.16bitweather.co/stargazer/objects/M29,M29 NGC 6913: Observing Guide,false,HTTP/HTML availability only; see report for UI coverage
2026-09-25,https://www.16bitweather.co/stargazer/objects/M3,sitemap,200,https://www.16bitweather.co/stargazer/objects/M3,M3 Canes Venatici Globular: Observing Guide,false,HTTP/HTML availability only; see report for UI coverage
2026-09-25,https://www.16bitweather.co/stargazer/objects/M30,sitemap,200,https://www.16bitweather.co/stargazer/objects/M30,M30 NGC 7099: Observing Guide,false,HTTP/HTML availability only; see report for UI coverage
2026-09-25,https://www.16bitweather.co/stargazer/objects/M31,sitemap,200,https://www.16bitweather.co/stargazer/objects/M31,M31 Andromeda Galaxy: Observing Guide,false,HTTP/HTML availability only; see report for UI coverage
2026-09-25,https://www.16bitweather.co/stargazer/objects/M32,sitemap,200,https://www.16bitweather.co/stargazer/objects/M32,M32 Le Gentil: Observing Guide,false,HTTP/HTML availability only; see report for UI coverage
2026-09-25,https://www.16bitweather.co/stargazer/objects/M33,sitemap,200,https://www.16bitweather.co/stargazer/objects/M33,M33 Triangulum Galaxy: Observing Guide,false,HTTP/HTML availability only; see report for UI coverage
2026-09-25,https://www.16bitweather.co/stargazer/objects/M34,sitemap,200,https://www.16bitweather.co/stargazer/objects/M34,M34 NGC 1039: Observing Guide,false,HTTP/HTML availability only; see report for UI coverage
2026-09-25,https://www.16bitweather.co/stargazer/objects/M35,sitemap,200,https://www.16bitweather.co/stargazer/objects/M35,M35 NGC 2168: Observing Guide,false,HTTP/HTML availability only; see report for UI coverage
2026-09-25,https://www.16bitweather.co/stargazer/objects/M36,sitemap,200,https://www.16bitweather.co/stargazer/objects/M36,M36 Pinwheel Cluster: Observing Guide,false,HTTP/HTML availability only; see report for UI coverage
2026-09-25,https://www.16bitweather.co/stargazer/objects/M37,sitemap,200,https://www.16bitweather.co/stargazer/objects/M37,M37 NGC 2099: Observing Guide,false,HTTP/HTML availability only; see report for UI coverage
2026-09-25,https://www.16bitweather.co/stargazer/objects/M38,sitemap,200,https://www.16bitweather.co/stargazer/objects/M38,M38 Starfish Cluster: Observing Guide,false,HTTP/HTML availability only; see report for UI coverage
2026-09-25,https://www.16bitweather.co/stargazer/objects/M39,sitemap,200,https://www.16bitweather.co/stargazer/objects/M39,M39 NGC 7092: Observing Guide,false,HTTP/HTML availability only; see report for UI coverage
2026-09-25,https://www.16bitweather.co/stargazer/objects/M4,sitemap,200,https://www.16bitweather.co/stargazer/objects/M4,M4 Cat's Eye Globular: Observing Guide,false,HTTP/HTML availability only; see report for UI coverage
2026-09-25,https://www.16bitweather.co/stargazer/objects/M40,sitemap,200,https://www.16bitweather.co/stargazer/objects/M40,M40 Winnecke 4: Observing Guide,false,HTTP/HTML availability only; see report for UI coverage
2026-09-25,https://www.16bitweather.co/stargazer/objects/M41,sitemap,200,https://www.16bitweather.co/stargazer/objects/M41,M41 NGC 2287: Observing Guide,false,HTTP/HTML availability only; see report for UI coverage
2026-09-25,https://www.16bitweather.co/stargazer/objects/M42,sitemap,200,https://www.16bitweather.co/stargazer/objects/M42,M42 Orion Nebula: Observing Guide,false,HTTP/HTML availability only; see report for UI coverage
2026-09-25,https://www.16bitweather.co/stargazer/objects/M43,sitemap,200,https://www.16bitweather.co/stargazer/objects/M43,M43 De Mairan's Nebula: Observing Guide,false,HTTP/HTML availability only; see report for UI coverage
2026-09-25,https://www.16bitweather.co/stargazer/objects/M44,sitemap,200,https://www.16bitweather.co/stargazer/objects/M44,M44 Beehive Cluster: Observing Guide,false,HTTP/HTML availability only; see report for UI coverage
2026-09-25,https://www.16bitweather.co/stargazer/objects/M45,sitemap,200,https://www.16bitweather.co/stargazer/objects/M45,M45 Pleiades: Observing Guide,false,HTTP/HTML availability only; see report for UI coverage
2026-09-25,https://www.16bitweather.co/stargazer/objects/M46,sitemap,200,https://www.16bitweather.co/stargazer/objects/M46,M46 NGC 2437: Observing Guide,false,HTTP/HTML availability only; see report for UI coverage
2026-09-25,https://www.16bitweather.co/stargazer/objects/M47,sitemap,200,https://www.16bitweather.co/stargazer/objects/M47,M47 NGC 2422: Observing Guide,false,HTTP/HTML availability only; see report for UI coverage
2026-09-25,https://www.16bitweather.co/stargazer/objects/M48,sitemap,200,https://www.16bitweather.co/stargazer/objects/M48,M48 NGC 2548: Observing Guide,false,HTTP/HTML availability only; see report for UI coverage
2026-09-25,https://www.16bitweather.co/stargazer/objects/M49,sitemap,200,https://www.16bitweather.co/stargazer/objects/M49,M49 NGC 4472: Observing Guide,false,HTTP/HTML availability only; see report for UI coverage
2026-09-25,https://www.16bitweather.co/stargazer/objects/M5,sitemap,200,https://www.16bitweather.co/stargazer/objects/M5,M5 Rose Globular Cluster: Observing Guide,false,HTTP/HTML availability only; see report for UI coverage
2026-09-25,https://www.16bitweather.co/stargazer/objects/M50,sitemap,200,https://www.16bitweather.co/stargazer/objects/M50,M50 NGC 2323: Observing Guide,false,HTTP/HTML availability only; see report for UI coverage
2026-09-25,https://www.16bitweather.co/stargazer/objects/M51,sitemap,200,https://www.16bitweather.co/stargazer/objects/M51,M51 Whirlpool Galaxy: Observing Guide,false,HTTP/HTML availability only; see report for UI coverage
2026-09-25,https://www.16bitweather.co/stargazer/objects/M52,sitemap,200,https://www.16bitweather.co/stargazer/objects/M52,M52 NGC 7654: Observing Guide,false,HTTP/HTML availability only; see report for UI coverage
2026-09-25,https://www.16bitweather.co/stargazer/objects/M53,sitemap,200,https://www.16bitweather.co/stargazer/objects/M53,M53 NGC 5024: Observing Guide,false,HTTP/HTML availability only; see report for UI coverage
2026-09-25,https://www.16bitweather.co/stargazer/objects/M54,sitemap,200,https://www.16bitweather.co/stargazer/objects/M54,M54 NGC 6715: Observing Guide,false,HTTP/HTML availability only; see report for UI coverage
2026-09-25,https://www.16bitweather.co/stargazer/objects/M55,sitemap,200,https://www.16bitweather.co/stargazer/objects/M55,M55 Summer Rose Star: Observing Guide,false,HTTP/HTML availability only; see report for UI coverage
2026-09-25,https://www.16bitweather.co/stargazer/objects/M56,sitemap,200,https://www.16bitweather.co/stargazer/objects/M56,M56 NGC 6779: Observing Guide,false,HTTP/HTML availability only; see report for UI coverage
2026-09-25,https://www.16bitweather.co/stargazer/objects/M57,sitemap,200,https://www.16bitweather.co/stargazer/objects/M57,M57 Ring Nebula: Observing Guide,false,HTTP/HTML availability only; see report for UI coverage
2026-09-25,https://www.16bitweather.co/stargazer/objects/M58,sitemap,200,https://www.16bitweather.co/stargazer/objects/M58,M58 NGC 4579: Observing Guide,false,HTTP/HTML availability only; see report for UI coverage
2026-09-25,https://www.16bitweather.co/stargazer/objects/M59,sitemap,200,https://www.16bitweather.co/stargazer/objects/M59,M59 NGC 4621: Observing Guide,false,HTTP/HTML availability only; see report for UI coverage
2026-09-25,https://www.16bitweather.co/stargazer/objects/M6,sitemap,200,https://www.16bitweather.co/stargazer/objects/M6,M6 Butterfly Cluster: Observing Guide,false,HTTP/HTML availability only; see report for UI coverage
2026-09-25,https://www.16bitweather.co/stargazer/objects/M60,sitemap,200,https://www.16bitweather.co/stargazer/objects/M60,M60 NGC 4649: Observing Guide,false,HTTP/HTML availability only; see report for UI coverage
2026-09-25,https://www.16bitweather.co/stargazer/objects/M61,sitemap,200,https://www.16bitweather.co/stargazer/objects/M61,M61 NGC 4303: Observing Guide,false,HTTP/HTML availability only; see report for UI coverage
2026-09-25,https://www.16bitweather.co/stargazer/objects/M62,sitemap,200,https://www.16bitweather.co/stargazer/objects/M62,M62 NGC 6266: Observing Guide,false,HTTP/HTML availability only; see report for UI coverage
2026-09-25,https://www.16bitweather.co/stargazer/objects/M63,sitemap,200,https://www.16bitweather.co/stargazer/objects/M63,M63 Sunflower Galaxy: Observing Guide,false,HTTP/HTML availability only; see report for UI coverage
2026-09-25,https://www.16bitweather.co/stargazer/objects/M64,sitemap,200,https://www.16bitweather.co/stargazer/objects/M64,M64 Black Eye Galaxy: Observing Guide,false,HTTP/HTML availability only; see report for UI coverage
2026-09-25,https://www.16bitweather.co/stargazer/objects/M65,sitemap,200,https://www.16bitweather.co/stargazer/objects/M65,M65 NGC 3623: Observing Guide,false,HTTP/HTML availability only; see report for UI coverage
2026-09-25,https://www.16bitweather.co/stargazer/objects/M66,sitemap,200,https://www.16bitweather.co/stargazer/objects/M66,M66 NGC 3627: Observing Guide,false,HTTP/HTML availability only; see report for UI coverage
2026-09-25,https://www.16bitweather.co/stargazer/objects/M67,sitemap,200,https://www.16bitweather.co/stargazer/objects/M67,M67 NGC 2682: Observing Guide,false,HTTP/HTML availability only; see report for UI coverage
2026-09-25,https://www.16bitweather.co/stargazer/objects/M68,sitemap,200,https://www.16bitweather.co/stargazer/objects/M68,M68 NGC 4590: Observing Guide,false,HTTP/HTML availability only; see report for UI coverage
2026-09-25,https://www.16bitweather.co/stargazer/objects/M69,sitemap,200,https://www.16bitweather.co/stargazer/objects/M69,M69 NGC 6637: Observing Guide,false,HTTP/HTML availability only; see report for UI coverage
2026-09-25,https://www.16bitweather.co/stargazer/objects/M7,sitemap,200,https://www.16bitweather.co/stargazer/objects/M7,M7 Ptolemy Cluster: Observing Guide,false,HTTP/HTML availability only; see report for UI coverage
2026-09-25,https://www.16bitweather.co/stargazer/objects/M70,sitemap,200,https://www.16bitweather.co/stargazer/objects/M70,M70 NGC 6681: Observing Guide,false,HTTP/HTML availability only; see report for UI coverage
2026-09-25,https://www.16bitweather.co/stargazer/objects/M71,sitemap,200,https://www.16bitweather.co/stargazer/objects/M71,M71 NGC 6838: Observing Guide,false,HTTP/HTML availability only; see report for UI coverage
2026-09-25,https://www.16bitweather.co/stargazer/objects/M72,sitemap,200,https://www.16bitweather.co/stargazer/objects/M72,M72 NGC 6981: Observing Guide,false,HTTP/HTML availability only; see report for UI coverage
2026-09-25,https://www.16bitweather.co/stargazer/objects/M73,sitemap,200,https://www.16bitweather.co/stargazer/objects/M73,M73 NGC 6994: Observing Guide,false,HTTP/HTML availability only; see report for UI coverage
2026-09-25,https://www.16bitweather.co/stargazer/objects/M74,sitemap,200,https://www.16bitweather.co/stargazer/objects/M74,M74 Phantom Galaxy: Observing Guide,false,HTTP/HTML availability only; see report for UI coverage
2026-09-25,https://www.16bitweather.co/stargazer/objects/M75,sitemap,200,https://www.16bitweather.co/stargazer/objects/M75,M75 NGC 6864: Observing Guide,false,HTTP/HTML availability only; see report for UI coverage
2026-09-25,https://www.16bitweather.co/stargazer/objects/M76,sitemap,200,https://www.16bitweather.co/stargazer/objects/M76,M76 Little Dumbbell Nebula: Observing Guide,false,HTTP/HTML availability only; see report for UI coverage
2026-09-25,https://www.16bitweather.co/stargazer/objects/M77,sitemap,200,https://www.16bitweather.co/stargazer/objects/M77,M77 Cetus A: Observing Guide,false,HTTP/HTML availability only; see report for UI coverage
2026-09-25,https://www.16bitweather.co/stargazer/objects/M78,sitemap,200,https://www.16bitweather.co/stargazer/objects/M78,M78 NGC 2068: Observing Guide,false,HTTP/HTML availability only; see report for UI coverage
2026-09-25,https://www.16bitweather.co/stargazer/objects/M79,sitemap,200,https://www.16bitweather.co/stargazer/objects/M79,M79 NGC 1904: Observing Guide,false,HTTP/HTML availability only; see report for UI coverage
2026-09-25,https://www.16bitweather.co/stargazer/objects/M8,sitemap,200,https://www.16bitweather.co/stargazer/objects/M8,M8 Lagoon Nebula: Observing Guide,false,HTTP/HTML availability only; see report for UI coverage
2026-09-25,https://www.16bitweather.co/stargazer/objects/M80,sitemap,200,https://www.16bitweather.co/stargazer/objects/M80,M80 NGC 6093: Observing Guide,false,HTTP/HTML availability only; see report for UI coverage
2026-09-25,https://www.16bitweather.co/stargazer/objects/M81,sitemap,200,https://www.16bitweather.co/stargazer/objects/M81,M81 Bode's Galaxy: Observing Guide,false,HTTP/HTML availability only; see report for UI coverage
2026-09-25,https://www.16bitweather.co/stargazer/objects/M82,sitemap,200,https://www.16bitweather.co/stargazer/objects/M82,M82 Cigar Galaxy: Observing Guide,false,HTTP/HTML availability only; see report for UI coverage
2026-09-25,https://www.16bitweather.co/stargazer/objects/M83,sitemap,200,https://www.16bitweather.co/stargazer/objects/M83,M83 Southern Pinwheel Galaxy: Observing Guide,false,HTTP/HTML availability only; see report for UI coverage
2026-09-25,https://www.16bitweather.co/stargazer/objects/M84,sitemap,200,https://www.16bitweather.co/stargazer/objects/M84,M84 NGC 4374: Observing Guide,false,HTTP/HTML availability only; see report for UI coverage
2026-09-25,https://www.16bitweather.co/stargazer/objects/M85,sitemap,200,https://www.16bitweather.co/stargazer/objects/M85,M85 NGC 4382: Observing Guide,false,HTTP/HTML availability only; see report for UI coverage
2026-09-25,https://www.16bitweather.co/stargazer/objects/M86,sitemap,200,https://www.16bitweather.co/stargazer/objects/M86,M86 NGC 4406: Observing Guide,false,HTTP/HTML availability only; see report for UI coverage
2026-09-25,https://www.16bitweather.co/stargazer/objects/M87,sitemap,200,https://www.16bitweather.co/stargazer/objects/M87,M87 Virgo A: Observing Guide,false,HTTP/HTML availability only; see report for UI coverage
2026-09-25,https://www.16bitweather.co/stargazer/objects/M88,sitemap,200,https://www.16bitweather.co/stargazer/objects/M88,M88 NGC 4501: Observing Guide,false,HTTP/HTML availability only; see report for UI coverage
2026-09-25,https://www.16bitweather.co/stargazer/objects/M89,sitemap,200,https://www.16bitweather.co/stargazer/objects/M89,M89 NGC 4552: Observing Guide,false,HTTP/HTML availability only; see report for UI coverage
2026-09-25,https://www.16bitweather.co/stargazer/objects/M9,sitemap,200,https://www.16bitweather.co/stargazer/objects/M9,M9 NGC 6333: Observing Guide,false,HTTP/HTML availability only; see report for UI coverage
2026-09-25,https://www.16bitweather.co/stargazer/objects/M90,sitemap,200,https://www.16bitweather.co/stargazer/objects/M90,M90 NGC 4569: Observing Guide,false,HTTP/HTML availability only; see report for UI coverage
2026-09-25,https://www.16bitweather.co/stargazer/objects/M91,sitemap,200,https://www.16bitweather.co/stargazer/objects/M91,M91 NGC 4548: Observing Guide,false,HTTP/HTML availability only; see report for UI coverage
2026-09-25,https://www.16bitweather.co/stargazer/objects/M92,sitemap,200,https://www.16bitweather.co/stargazer/objects/M92,M92 NGC 6341: Observing Guide,false,HTTP/HTML availability only; see report for UI coverage
2026-09-25,https://www.16bitweather.co/stargazer/objects/M93,sitemap,200,https://www.16bitweather.co/stargazer/objects/M93,M93 NGC 2447: Observing Guide,false,HTTP/HTML availability only; see report for UI coverage
2026-09-25,https://www.16bitweather.co/stargazer/objects/M94,sitemap,200,https://www.16bitweather.co/stargazer/objects/M94,M94 Cat's Eye Galaxy: Observing Guide,false,HTTP/HTML availability only; see report for UI coverage
2026-09-25,https://www.16bitweather.co/stargazer/objects/M95,sitemap,200,https://www.16bitweather.co/stargazer/objects/M95,M95 NGC 3351: Observing Guide,false,HTTP/HTML availability only; see report for UI coverage
2026-09-25,https://www.16bitweather.co/stargazer/objects/M96,sitemap,200,https://www.16bitweather.co/stargazer/objects/M96,M96 NGC 3368: Observing Guide,false,HTTP/HTML availability only; see report for UI coverage
2026-09-25,https://www.16bitweather.co/stargazer/objects/M97,sitemap,200,https://www.16bitweather.co/stargazer/objects/M97,M97 Owl Nebula: Observing Guide,false,HTTP/HTML availability only; see report for UI coverage
2026-09-25,https://www.16bitweather.co/stargazer/objects/M98,sitemap,200,https://www.16bitweather.co/stargazer/objects/M98,M98 NGC 4192: Observing Guide,false,HTTP/HTML availability only; see report for UI coverage
2026-09-25,https://www.16bitweather.co/stargazer/objects/M99,sitemap,200,https://www.16bitweather.co/stargazer/objects/M99,M99 Coma Pinwheel Galaxy: Observing Guide,false,HTTP/HTML availability only; see report for UI coverage
2026-09-25,https://www.16bitweather.co/stargazer/objects/NGC104,sitemap,200,https://www.16bitweather.co/stargazer/objects/NGC104,NGC104 47 Tucanae: Observing Guide,false,HTTP/HTML availability only; see report for UI coverage
2026-09-25,https://www.16bitweather.co/stargazer/objects/NGC1333,sitemap,200,https://www.16bitweather.co/stargazer/objects/NGC1333,NGC1333 NGC 1333: Observing Guide,false,HTTP/HTML availability only; see report for UI coverage
2026-09-25,https://www.16bitweather.co/stargazer/objects/NGC1499,sitemap,200,https://www.16bitweather.co/stargazer/objects/NGC1499,NGC1499 California Nebula: Observing Guide,false,HTTP/HTML availability only; see report for UI coverage
2026-09-25,https://www.16bitweather.co/stargazer/objects/NGC1977,sitemap,200,https://www.16bitweather.co/stargazer/objects/NGC1977,NGC1977 Running Man Nebula: Observing Guide,false,HTTP/HTML availability only; see report for UI coverage
2026-09-25,https://www.16bitweather.co/stargazer/objects/NGC2070,sitemap,200,https://www.16bitweather.co/stargazer/objects/NGC2070,NGC2070 Tarantula Nebula: Observing Guide,false,HTTP/HTML availability only; see report for UI coverage
2026-09-25,https://www.16bitweather.co/stargazer/objects/NGC2237,sitemap,200,https://www.16bitweather.co/stargazer/objects/NGC2237,NGC2237 Rosette Nebula: Observing Guide,false,HTTP/HTML availability only; see report for UI coverage
2026-09-25,https://www.16bitweather.co/stargazer/objects/NGC2244,sitemap,200,https://www.16bitweather.co/stargazer/objects/NGC2244,NGC2244 Rosette Cluster: Observing Guide,false,HTTP/HTML availability only; see report for UI coverage
2026-09-25,https://www.16bitweather.co/stargazer/objects/NGC2264,sitemap,200,https://www.16bitweather.co/stargazer/objects/NGC2264,NGC2264 Cone Nebula and Christmas Tree Cluster: Observing Guide,false,HTTP/HTML availability only; see report for UI coverage
2026-09-25,https://www.16bitweather.co/stargazer/objects/NGC2359,sitemap,200,https://www.16bitweather.co/stargazer/objects/NGC2359,NGC2359 Thor's Helmet: Observing Guide,false,HTTP/HTML availability only; see report for UI coverage
2026-09-25,https://www.16bitweather.co/stargazer/objects/NGC253,sitemap,200,https://www.16bitweather.co/stargazer/objects/NGC253,NGC253 Sculptor Galaxy: Observing Guide,false,HTTP/HTML availability only; see report for UI coverage
2026-09-25,https://www.16bitweather.co/stargazer/objects/NGC281,sitemap,200,https://www.16bitweather.co/stargazer/objects/NGC281,NGC281 Pacman Nebula: Observing Guide,false,HTTP/HTML availability only; see report for UI coverage
2026-09-25,https://www.16bitweather.co/stargazer/objects/NGC2903,sitemap,200,https://www.16bitweather.co/stargazer/objects/NGC2903,NGC2903 NGC 2903: Observing Guide,false,HTTP/HTML availability only; see report for UI coverage
2026-09-25,https://www.16bitweather.co/stargazer/objects/NGC300,sitemap,200,https://www.16bitweather.co/stargazer/objects/NGC300,NGC300 NGC 300: Observing Guide,false,HTTP/HTML availability only; see report for UI coverage
2026-09-25,https://www.16bitweather.co/stargazer/objects/NGC3132,sitemap,200,https://www.16bitweather.co/stargazer/objects/NGC3132,NGC3132 Southern Ring Nebula: Observing Guide,false,HTTP/HTML availability only; see report for UI coverage
2026-09-25,https://www.16bitweather.co/stargazer/objects/NGC3372,sitemap,200,https://www.16bitweather.co/stargazer/objects/NGC3372,NGC3372 Carina Nebula: Observing Guide,false,HTTP/HTML availability only; see report for UI coverage
2026-09-25,https://www.16bitweather.co/stargazer/objects/NGC3628,sitemap,200,https://www.16bitweather.co/stargazer/objects/NGC3628,NGC3628 Hamburger Galaxy: Observing Guide,false,HTTP/HTML availability only; see report for UI coverage
2026-09-25,https://www.16bitweather.co/stargazer/objects/NGC5139,sitemap,200,https://www.16bitweather.co/stargazer/objects/NGC5139,NGC5139 Omega Centauri: Observing Guide,false,HTTP/HTML availability only; see report for UI coverage
2026-09-25,https://www.16bitweather.co/stargazer/objects/NGC55,sitemap,200,https://www.16bitweather.co/stargazer/objects/NGC55,NGC55 Southern Whale Galaxy: Observing Guide,false,HTTP/HTML availability only; see report for UI coverage
2026-09-25,https://www.16bitweather.co/stargazer/objects/NGC6302,sitemap,200,https://www.16bitweather.co/stargazer/objects/NGC6302,NGC6302 Butterfly Nebula: Observing Guide,false,HTTP/HTML availability only; see report for UI coverage
2026-09-25,https://www.16bitweather.co/stargazer/objects/NGC6334,sitemap,200,https://www.16bitweather.co/stargazer/objects/NGC6334,NGC6334 Cat's Paw Nebula: Observing Guide,false,HTTP/HTML availability only; see report for UI coverage
2026-09-25,https://www.16bitweather.co/stargazer/objects/NGC6543,sitemap,200,https://www.16bitweather.co/stargazer/objects/NGC6543,NGC6543 Cat's Eye Nebula: Observing Guide,false,HTTP/HTML availability only; see report for UI coverage
2026-09-25,https://www.16bitweather.co/stargazer/objects/NGC6888,sitemap,200,https://www.16bitweather.co/stargazer/objects/NGC6888,NGC6888 Crescent Nebula: Observing Guide,false,HTTP/HTML availability only; see report for UI coverage
2026-09-25,https://www.16bitweather.co/stargazer/objects/NGC6960,sitemap,200,https://www.16bitweather.co/stargazer/objects/NGC6960,NGC6960 Western Veil Nebula: Observing Guide,false,HTTP/HTML availability only; see report for UI coverage
2026-09-25,https://www.16bitweather.co/stargazer/objects/NGC6992,sitemap,200,https://www.16bitweather.co/stargazer/objects/NGC6992,NGC6992 Eastern Veil Nebula: Observing Guide,false,HTTP/HTML availability only; see report for UI coverage
2026-09-25,https://www.16bitweather.co/stargazer/objects/NGC7000,sitemap,200,https://www.16bitweather.co/stargazer/objects/NGC7000,NGC7000 North America Nebula: Observing Guide,false,HTTP/HTML availability only; see report for UI coverage
2026-09-25,https://www.16bitweather.co/stargazer/objects/NGC7293,sitemap,200,https://www.16bitweather.co/stargazer/objects/NGC7293,NGC7293 Helix Nebula: Observing Guide,false,HTTP/HTML availability only; see report for UI coverage
2026-09-25,https://www.16bitweather.co/stargazer/objects/NGC7380,sitemap,200,https://www.16bitweather.co/stargazer/objects/NGC7380,NGC7380 Wizard Nebula: Observing Guide,false,HTTP/HTML availability only; see report for UI coverage
2026-09-25,https://www.16bitweather.co/stargazer/objects/NGC7635,sitemap,200,https://www.16bitweather.co/stargazer/objects/NGC7635,NGC7635 Bubble Nebula: Observing Guide,false,HTTP/HTML availability only; see report for UI coverage
2026-09-25,https://www.16bitweather.co/stargazer/objects/NGC7822,sitemap,200,https://www.16bitweather.co/stargazer/objects/NGC7822,NGC7822 NGC 7822: Observing Guide,false,HTTP/HTML availability only; see report for UI coverage
2026-09-25,https://www.16bitweather.co/stargazer/objects/NGC891,sitemap,200,https://www.16bitweather.co/stargazer/objects/NGC891,NGC891 Silver Sliver Galaxy: Observing Guide,false,HTTP/HTML availability only; see report for UI coverage
2026-09-25,https://www.16bitweather.co/stargazer/objects/Sh2-155,sitemap,200,https://www.16bitweather.co/stargazer/objects/Sh2-155,Sh2-155 Cave Nebula: Observing Guide,false,HTTP/HTML availability only; see report for UI coverage
2026-09-25,https://www.16bitweather.co/travel,sitemap,200,https://www.16bitweather.co/travel,Travel Weather & Interstate Corridors | 16 Bit Weather,false,HTTP/HTML availability only; see report for UI coverage
2026-09-25,https://www.16bitweather.co/tropical,sitemap,200,https://www.16bitweather.co/tropical,Tropical Tracker: Atlantic Satellite & NHC | 16 Bit Weather,false,HTTP/HTML availability only; see report for UI coverage
2026-09-25,https://www.16bitweather.co/warnings,sitemap,200,https://www.16bitweather.co/warnings,"Warnings Command Center — NWS Alerts, SPC Outlook, Storm Reports | 16 Bit Weather | 16 Bit Weather",false,HTTP/HTML availability only; see report for UI coverage
2026-09-25,https://www.16bitweather.co/weather,sitemap,200,https://www.16bitweather.co/weather,US City Climate Guides | 16 Bit Weather,false,HTTP/HTML availability only; see report for UI coverage
2026-09-25,https://www.16bitweather.co/weather-systems,sitemap,200,https://www.16bitweather.co/weather-systems,Weather Systems: 16 Storm Types Explained | 16 Bit Weather,false,HTTP/HTML availability only; see report for UI coverage
2026-09-25,https://www.16bitweather.co/weather/albuquerque-nm,sitemap,200,https://www.16bitweather.co/weather/albuquerque-nm,"Albuquerque, NM Climate & Weather Guide | 16 Bit Weather",false,HTTP/HTML availability only; see report for UI coverage
2026-09-25,https://www.16bitweather.co/weather/anchorage-ak,sitemap,200,https://www.16bitweather.co/weather/anchorage-ak,"Anchorage, AK Climate & Weather Guide | 16 Bit Weather",false,HTTP/HTML availability only; see report for UI coverage
2026-09-25,https://www.16bitweather.co/weather/atlanta-ga,sitemap,200,https://www.16bitweather.co/weather/atlanta-ga,Atlanta GA Climate & Year-Round Weather | 16 Bit Weather,false,HTTP/HTML availability only; see report for UI coverage
2026-09-25,https://www.16bitweather.co/weather/austin-tx,sitemap,200,https://www.16bitweather.co/weather/austin-tx,"Austin, TX Climate & Weather Guide | 16 Bit Weather",false,HTTP/HTML availability only; see report for UI coverage
2026-09-25,https://www.16bitweather.co/weather/baltimore-md,sitemap,200,https://www.16bitweather.co/weather/baltimore-md,"Baltimore, MD Climate & Weather Guide | 16 Bit Weather",false,HTTP/HTML availability only; see report for UI coverage
2026-09-25,https://www.16bitweather.co/weather/boston-ma,sitemap,200,https://www.16bitweather.co/weather/boston-ma,Boston MA Climate & Year-Round Weather | 16 Bit Weather,false,HTTP/HTML availability only; see report for UI coverage
2026-09-25,https://www.16bitweather.co/weather/buffalo-ny,sitemap,200,https://www.16bitweather.co/weather/buffalo-ny,"Buffalo, NY Climate & Weather Guide | 16 Bit Weather",false,HTTP/HTML availability only; see report for UI coverage
2026-09-25,https://www.16bitweather.co/weather/chandler-az,sitemap,200,https://www.16bitweather.co/weather/chandler-az,"Chandler, AZ Climate & Weather Guide | 16 Bit Weather",false,HTTP/HTML availability only; see report for UI coverage
2026-09-25,https://www.16bitweather.co/weather/charlotte-nc,sitemap,200,https://www.16bitweather.co/weather/charlotte-nc,"Charlotte, NC Climate & Weather Guide | 16 Bit Weather",false,HTTP/HTML availability only; see report for UI coverage
2026-09-25,https://www.16bitweather.co/weather/chicago-il,sitemap,200,https://www.16bitweather.co/weather/chicago-il,Chicago IL Climate & Year-Round Weather | 16 Bit Weather,false,HTTP/HTML availability only; see report for UI coverage
2026-09-25,https://www.16bitweather.co/weather/cincinnati-oh,sitemap,200,https://www.16bitweather.co/weather/cincinnati-oh,"Cincinnati, OH Climate & Weather Guide | 16 Bit Weather",false,HTTP/HTML availability only; see report for UI coverage
2026-09-25,https://www.16bitweather.co/weather/cleveland-oh,sitemap,200,https://www.16bitweather.co/weather/cleveland-oh,"Cleveland, OH Climate & Weather Guide | 16 Bit Weather",false,HTTP/HTML availability only; see report for UI coverage
2026-09-25,https://www.16bitweather.co/weather/columbus-oh,sitemap,200,https://www.16bitweather.co/weather/columbus-oh,"Columbus, OH Climate & Weather Guide | 16 Bit Weather",false,HTTP/HTML availability only; see report for UI coverage
2026-09-25,https://www.16bitweather.co/weather/dallas-tx,sitemap,200,https://www.16bitweather.co/weather/dallas-tx,"Dallas, TX Climate & Weather Guide | 16 Bit Weather",false,HTTP/HTML availability only; see report for UI coverage
2026-09-25,https://www.16bitweather.co/weather/denver-co,sitemap,200,https://www.16bitweather.co/weather/denver-co,Denver CO Climate & Year-Round Weather | 16 Bit Weather,false,HTTP/HTML availability only; see report for UI coverage
2026-09-25,https://www.16bitweather.co/weather/detroit-mi,sitemap,200,https://www.16bitweather.co/weather/detroit-mi,"Detroit, MI Climate & Weather Guide | 16 Bit Weather",false,HTTP/HTML availability only; see report for UI coverage
2026-09-25,https://www.16bitweather.co/weather/fort-worth-tx,sitemap,200,https://www.16bitweather.co/weather/fort-worth-tx,"Fort Worth, TX Climate & Weather Guide | 16 Bit Weather",false,HTTP/HTML availability only; see report for UI coverage
2026-09-25,https://www.16bitweather.co/weather/honolulu-hi,sitemap,200,https://www.16bitweather.co/weather/honolulu-hi,"Honolulu, HI Climate & Weather Guide | 16 Bit Weather",false,HTTP/HTML availability only; see report for UI coverage
2026-09-25,https://www.16bitweather.co/weather/houston-tx,sitemap,200,https://www.16bitweather.co/weather/houston-tx,"Houston, TX Climate & Weather Guide | 16 Bit Weather",false,HTTP/HTML availability only; see report for UI coverage
2026-09-25,https://www.16bitweather.co/weather/indianapolis-in,sitemap,200,https://www.16bitweather.co/weather/indianapolis-in,"Indianapolis, IN Climate & Weather Guide | 16 Bit Weather",false,HTTP/HTML availability only; see report for UI coverage
2026-09-25,https://www.16bitweather.co/weather/jacksonville-fl,sitemap,200,https://www.16bitweather.co/weather/jacksonville-fl,"Jacksonville, FL Climate & Weather Guide | 16 Bit Weather",false,HTTP/HTML availability only; see report for UI coverage
2026-09-25,https://www.16bitweather.co/weather/kansas-city-mo,sitemap,200,https://www.16bitweather.co/weather/kansas-city-mo,"Kansas City, MO Climate & Weather Guide | 16 Bit Weather",false,HTTP/HTML availability only; see report for UI coverage
2026-09-25,https://www.16bitweather.co/weather/las-vegas-nv,sitemap,200,https://www.16bitweather.co/weather/las-vegas-nv,"Las Vegas, NV Climate & Weather Guide | 16 Bit Weather",false,HTTP/HTML availability only; see report for UI coverage
2026-09-25,https://www.16bitweather.co/weather/los-angeles-ca,sitemap,200,https://www.16bitweather.co/weather/los-angeles-ca,Los Angeles Climate & Year-Round Weather | 16 Bit Weather,false,HTTP/HTML availability only; see report for UI coverage
2026-09-25,https://www.16bitweather.co/weather/miami-fl,sitemap,200,https://www.16bitweather.co/weather/miami-fl,Miami FL Climate & Year-Round Weather | 16 Bit Weather,false,HTTP/HTML availability only; see report for UI coverage
2026-09-25,https://www.16bitweather.co/weather/milwaukee-wi,sitemap,200,https://www.16bitweather.co/weather/milwaukee-wi,"Milwaukee, WI Climate & Weather Guide | 16 Bit Weather",false,HTTP/HTML availability only; see report for UI coverage
2026-09-25,https://www.16bitweather.co/weather/minneapolis-mn,sitemap,200,https://www.16bitweather.co/weather/minneapolis-mn,"Minneapolis, MN Climate & Weather Guide | 16 Bit Weather",false,HTTP/HTML availability only; see report for UI coverage
2026-09-25,https://www.16bitweather.co/weather/nashville-tn,sitemap,200,https://www.16bitweather.co/weather/nashville-tn,"Nashville, TN Climate & Weather Guide | 16 Bit Weather",false,HTTP/HTML availability only; see report for UI coverage
2026-09-25,https://www.16bitweather.co/weather/new-orleans-la,sitemap,200,https://www.16bitweather.co/weather/new-orleans-la,"New Orleans, LA Climate & Weather Guide | 16 Bit Weather",false,HTTP/HTML availability only; see report for UI coverage
2026-09-25,https://www.16bitweather.co/weather/new-york-ny,sitemap,200,https://www.16bitweather.co/weather/new-york-ny,New York NY Climate & Year-Round Weather | 16 Bit Weather,false,HTTP/HTML availability only; see report for UI coverage
2026-09-25,https://www.16bitweather.co/weather/orlando-fl,sitemap,200,https://www.16bitweather.co/weather/orlando-fl,"Orlando, FL Climate & Weather Guide | 16 Bit Weather",false,HTTP/HTML availability only; see report for UI coverage
2026-09-25,https://www.16bitweather.co/weather/philadelphia-pa,sitemap,200,https://www.16bitweather.co/weather/philadelphia-pa,"Philadelphia, PA Climate & Weather Guide | 16 Bit Weather",false,HTTP/HTML availability only; see report for UI coverage
2026-09-25,https://www.16bitweather.co/weather/phoenix-az,sitemap,200,https://www.16bitweather.co/weather/phoenix-az,"Phoenix, AZ Climate & Weather Guide | 16 Bit Weather",false,HTTP/HTML availability only; see report for UI coverage
2026-09-25,https://www.16bitweather.co/weather/pittsburgh-pa,sitemap,200,https://www.16bitweather.co/weather/pittsburgh-pa,Pittsburgh PA Climate & Year-Round Weather | 16 Bit Weather,false,HTTP/HTML availability only; see report for UI coverage
2026-09-25,https://www.16bitweather.co/weather/portland-or,sitemap,200,https://www.16bitweather.co/weather/portland-or,"Portland, OR Climate & Weather Guide | 16 Bit Weather",false,HTTP/HTML availability only; see report for UI coverage
2026-09-25,https://www.16bitweather.co/weather/raleigh-nc,sitemap,200,https://www.16bitweather.co/weather/raleigh-nc,"Raleigh, NC Climate & Weather Guide | 16 Bit Weather",false,HTTP/HTML availability only; see report for UI coverage
2026-09-25,https://www.16bitweather.co/weather/sacramento-ca,sitemap,200,https://www.16bitweather.co/weather/sacramento-ca,"Sacramento, CA Climate & Weather Guide | 16 Bit Weather",false,HTTP/HTML availability only; see report for UI coverage
2026-09-25,https://www.16bitweather.co/weather/salt-lake-city-ut,sitemap,200,https://www.16bitweather.co/weather/salt-lake-city-ut,"Salt Lake City, UT Climate & Weather Guide | 16 Bit Weather",false,HTTP/HTML availability only; see report for UI coverage
2026-09-25,https://www.16bitweather.co/weather/san-antonio-tx,sitemap,200,https://www.16bitweather.co/weather/san-antonio-tx,"San Antonio, TX Climate & Weather Guide | 16 Bit Weather",false,HTTP/HTML availability only; see report for UI coverage
2026-09-25,https://www.16bitweather.co/weather/san-diego-ca,sitemap,200,https://www.16bitweather.co/weather/san-diego-ca,"San Diego, CA Climate & Weather Guide | 16 Bit Weather",false,HTTP/HTML availability only; see report for UI coverage
2026-09-25,https://www.16bitweather.co/weather/san-francisco-ca,sitemap,200,https://www.16bitweather.co/weather/san-francisco-ca,"San Francisco, CA Climate & Weather Guide | 16 Bit Weather",false,HTTP/HTML availability only; see report for UI coverage
2026-09-25,https://www.16bitweather.co/weather/san-jose-ca,sitemap,200,https://www.16bitweather.co/weather/san-jose-ca,"San Jose, CA Climate & Weather Guide | 16 Bit Weather",false,HTTP/HTML availability only; see report for UI coverage
2026-09-25,https://www.16bitweather.co/weather/seattle-wa,sitemap,200,https://www.16bitweather.co/weather/seattle-wa,Seattle WA Climate & Year-Round Weather | 16 Bit Weather,false,HTTP/HTML availability only; see report for UI coverage
2026-09-25,https://www.16bitweather.co/weather/st-louis-mo,sitemap,200,https://www.16bitweather.co/weather/st-louis-mo,"St. Louis, MO Climate & Weather Guide | 16 Bit Weather",false,HTTP/HTML availability only; see report for UI coverage
2026-09-25,https://www.16bitweather.co/weather/tampa-fl,sitemap,200,https://www.16bitweather.co/weather/tampa-fl,"Tampa, FL Climate & Weather Guide | 16 Bit Weather",false,HTTP/HTML availability only; see report for UI coverage
2026-09-25,https://www.16bitweather.co/weather/tucson-az,sitemap,200,https://www.16bitweather.co/weather/tucson-az,"Tucson, AZ Climate & Weather Guide | 16 Bit Weather",false,HTTP/HTML availability only; see report for UI coverage
2026-09-25,https://www.16bitweather.co/weather/virginia-beach-va,sitemap,200,https://www.16bitweather.co/weather/virginia-beach-va,Virginia Beach Climate & Year-Round Weather | 16 Bit Weather,false,HTTP/HTML availability only; see report for UI coverage
2026-09-25,https://www.16bitweather.co/weather/washington-dc,sitemap,200,https://www.16bitweather.co/weather/washington-dc,"Washington, DC Climate & Weather Guide | 16 Bit Weather",false,HTTP/HTML availability only; see report for UI coverage
2026-09-25,https://www.16bitweather.co/winter,sitemap,200,https://www.16bitweather.co/winter,Winter Weather Alerts & Blizzard Warnings | 16 Bit Weather,false,HTTP/HTML availability only; see report for UI coverage
